1258563185	FlexNetOS/Archon
1189254761	FlexNetOS/MiroFish
1281812663	FlexNetOS/beads_rust
1281812919	FlexNetOS/beads_viewer
1258902817	FlexNetOS/demo-repository
1277448440	FlexNetOS/dexter
1257200381	FlexNetOS/env-ctl
1258773025	FlexNetOS/global_projects_config
1259636726	FlexNetOS/harness
1199705574	FlexNetOS/n8n-mcp
1280667110	FlexNetOS/powerlevel10k
1267545669	FlexNetOS/shimmy-1
1253189862	FlexNetOS/slim
1280660712	FlexNetOS/zsh-autosuggestions
1280660744	FlexNetOS/zsh-completions
1280660730	FlexNetOS/zsh-syntax-highlighting
