1248667327	FlexNetOS/.github
1258563185	FlexNetOS/Archon
1258565114	FlexNetOS/ECC
1189254761	FlexNetOS/MiroFish
1257601772	FlexNetOS/agent
1260750399	FlexNetOS/agent-skills
1258649253	FlexNetOS/assets
1261552057	FlexNetOS/atc
1281812663	FlexNetOS/beads_rust
1281812919	FlexNetOS/beads_viewer
1281190990	FlexNetOS/cellm
1258585014	FlexNetOS/claude-code
1257601829	FlexNetOS/claude-plugins
1258584215	FlexNetOS/codex
1258649546	FlexNetOS/commands
1281191001	FlexNetOS/cuda-oxide
1258649408	FlexNetOS/database_hub
1258902817	FlexNetOS/demo-repository
1277448440	FlexNetOS/dexter
1257200381	FlexNetOS/env-ctl
1257201335	FlexNetOS/envctl
1258590663	FlexNetOS/flexnetos_brain
1258590702	FlexNetOS/flexnetos_github_app
1258579842	FlexNetOS/flexnetos_runner
1258579141	FlexNetOS/flexnetos_secrets
1258590620	FlexNetOS/flexnetos_wiki
1258649277	FlexNetOS/flow_hub
1258773025	FlexNetOS/global_projects_config
1257678921	FlexNetOS/grit
1266905185	FlexNetOS/handoff
1259636726	FlexNetOS/harness
1268562422	FlexNetOS/harness-agent-rs
1258649306	FlexNetOS/harness_hub
1180447906	FlexNetOS/hermes-agent
1258649528	FlexNetOS/hooks_hub
1257678975	FlexNetOS/icm
1281191011	FlexNetOS/inferrs
1258605091	FlexNetOS/kasetto
1257203848	FlexNetOS/lane
1252023370	FlexNetOS/lifeos
1257601487	FlexNetOS/loop_cli
1257600743	FlexNetOS/loop_lib
1258649440	FlexNetOS/mcp_hub
1257620588	FlexNetOS/meta
1277383977	FlexNetOS/meta-hardware
1257601880	FlexNetOS/meta-plugins
1266934833	FlexNetOS/meta-ruvector
1277667875	FlexNetOS/meta-yard
1257601534	FlexNetOS/meta_cli
1257601374	FlexNetOS/meta_core
1260763671	FlexNetOS/meta_dashboard_cli
1257601583	FlexNetOS/meta_git_cli
1257601425	FlexNetOS/meta_git_lib
1257601724	FlexNetOS/meta_mcp
1257601327	FlexNetOS/meta_plugin_api
1257601287	FlexNetOS/meta_plugin_protocol
1257601630	FlexNetOS/meta_project_cli
1257601679	FlexNetOS/meta_rust_cli
1258649343	FlexNetOS/my-wiki
1252026555	FlexNetOS/n8n
1199705574	FlexNetOS/n8n-mcp
1149036147	FlexNetOS/network-control
1258651538	FlexNetOS/network_hub
1244935041	FlexNetOS/obscura
1253588406	FlexNetOS/obsidian-mind
1258566267	FlexNetOS/oh-my-claudecode
1258567303	FlexNetOS/oh-my-pi
1258649485	FlexNetOS/plugin_hub
1280667110	FlexNetOS/powerlevel10k
1257223932	FlexNetOS/prompt_hub
1257680267	FlexNetOS/rtk-tokenkill
1267579547	FlexNetOS/ruflo
1258253264	FlexNetOS/rusty-idd
1266928249	FlexNetOS/shimmy
1267545669	FlexNetOS/shimmy-1
1253189862	FlexNetOS/slim
1258649234	FlexNetOS/template_hub
1266928260	FlexNetOS/teri
1258649378	FlexNetOS/tool_hub
1258904609	FlexNetOS/vault_hub
1267625167	FlexNetOS/vox
1257217205	FlexNetOS/weave
1267764684	FlexNetOS/yazelix
1280660712	FlexNetOS/zsh-autosuggestions
1280660744	FlexNetOS/zsh-completions
1280660730	FlexNetOS/zsh-syntax-highlighting
